CODE,COUNTRY,EARLY INITIATION (PERCENTAGE),REGION
AFG,Afghanistan,40%,South Asia
ALB,Albania,56%,Eastern Europe and Central Asia
DZA,Algeria,35%,Middle East and North Africa
ASM,American Samoa,,
AND,Andorra,,
AGO,Angola,65%,Eastern and Southern Africa
AIA,Anguilla,52%,Latin America and the Caribbean
ATG,Antigua and Barbuda,52%,Latin America and the Caribbean
ARG,Argentina,52%,Latin America and the Caribbean
ARM,Armenia,56%,Eastern Europe and Central Asia
ABW,Aruba,52%,Latin America and the Caribbean
AUS,Australia,,
AUT,Austria,,
AZE,Azerbaijan,56%,Eastern Europe and Central Asia
BHM,"Bahamas, The",52%,Latin America and the Caribbean
BHR,Bahrain,35%,Middle East and North Africa
BGD,Bangladesh,40%,South Asia
BRB,Barbados,52%,Latin America and the Caribbean
BLR,Belarus,56%,Eastern Europe and Central Asia
BEL,Belgium,,
BLZ,Belize,52%,Latin America and the Caribbean
BEN,Benin,40%,West and Central Africa
BMU,Bermuda,,
BTN,Bhutan,40%,South Asia
BOL,Bolivia,52%,Latin America and the Caribbean
BIH,Bosnia and Herzegovina,56%,Eastern Europe and Central Asia
BWA,Botswana,65%,Eastern and Southern Africa
BRA,Brazil,52%,Latin America and the Caribbean
VGB,British Virgin Islands,52%,Latin America and the Caribbean
BRN,Brunei,,
BGR,Bulgaria,56%,Eastern Europe and Central Asia
BFA,Burkina Faso,40%,West and Central Africa
MMR,Myanmar,32%,South Asia
BDI,Burundi,65%,Eastern and Southern Africa
CPV,Cabo Verde,40%,West and Central Africa
KHM,Cambodia,32%,East Asia and Pacific
CMR,Cameroon,40%,West and Central Africa
CAN,Canada,,
CYM,Cayman Islands,52%,Latin America and the Caribbean
CAF,Central African Republic,40%,West and Central Africa
TCD,Chad,40%,West and Central Africa
CHL,Chile,52%,Latin America and the Caribbean
CHN,China,32%,East Asia and Pacific
COL,Colombia,52%,Latin America and the Caribbean
COM,Comoros,65%,Eastern and Southern Africa
COD,"Congo, Democratic Republic of the",40%,West and Central Africa
COG,"Congo, Republic of the",40%,West and Central Africa
COK,Cook Islands,,
CRI,Costa Rica,52%,Latin America and the Caribbean
CIV,Cote d'Ivoire,40%,West and Central Africa
HRV,Croatia,,
CUB,Cuba,52%,Latin America and the Caribbean
CUW,Curacao,52%,Latin America and the Caribbean
CYP,Cyprus,,
CZE,Czech Republic,56%,Eastern Europe and Central Asia
DNK,Denmark,,
DJI,Djibouti,35%,Middle East and North Africa
DMA,Dominica,52%,Latin America and the Caribbean
DOM,Dominican Republic,52%,Latin America and the Caribbean
ECU,Ecuador,52%,Latin America and the Caribbean
EGY,Egypt,35%,Middle East and North Africa
SLV,El Salvador,52%,Latin America and the Caribbean
GNQ,Equatorial Guinea,40%,West and Central Africa
ERI,Eritrea,65%,Eastern and Southern Africa
EST,Estonia,,
ETH,Ethiopia,65%,Eastern and Southern Africa
FLK,Falkland Islands (Islas Malvinas),,
FRO,Faroe Islands,,
FJI,Fiji,,
FIN,Finland,,
FRA,France,,
PYF,French Polynesia,,
GAB,Gabon,40%,West and Central Africa
GMB,"Gambia, The",40%,West and Central Africa
GEO,Georgia,56%,Eastern Europe and Central Asia
DEU,Germany,,
GHA,Ghana,40%,West and Central Africa
GIB,Gibraltar,,
GRC,Greece,,
GRL,Greenland,,
GRD,Grenada,52%,Latin America and the Caribbean
GUM,Guam,,
GTM,Guatemala,52%,Latin America and the Caribbean
GGY,Guernsey,,
GNB,Guinea-Bissau,40%,West and Central Africa
GIN,Guinea,40%,West and Central Africa
GUY,Guyana,52%,Latin America and the Caribbean
HTI,Haiti,52%,Latin America and the Caribbean
HND,Honduras,52%,Latin America and the Caribbean
HKG,Hong Kong,,
HUN,Hungary,56%,Eastern Europe and Central Asia
ISL,Iceland,,
IND,India,40%,South Asia
IDN,Indonesia,32%,East Asia and Pacific
IRN,Iran,35%,Middle East and North Africa
IRQ,Iraq,35%,Middle East and North Africa
IRL,Ireland,,
IMN,Isle of Man,,
ISR,Israel,,
ITA,Italy,,
JAM,Jamaica,52%,Latin America and the Caribbean
JPN,Japan,,
JEY,Jersey,,
JOR,Jordan,35%,Middle East and North Africa
KAZ,Kazakhstan,56%,Eastern Europe and Central Asia
KEN,Kenya,65%,Eastern and Southern Africa
KIR,Kiribati,,
PRK,"Korea, North",,
KOR,"Korea, South",32%,East Asia and Pacific
KSV,Kosovo,56%,Eastern Europe and Central Asia
KWT,Kuwait,35%,Middle East and North Africa
KGZ,Kyrgyzstan,56%,Eastern Europe and Central Asia
LAO,Laos,32%,East Asia and Pacific
LVA,Latvia,,
LBN,Lebanon,35%,Middle East and North Africa
LSO,Lesotho,65%,Eastern and Southern Africa
LBR,Liberia,40%,West and Central Africa
LBY,Libya,35%,Middle East and North Africa
LIE,Liechtenstein,,
LTU,Lithuania,,
LUX,Luxembourg,,
MAC,Macau,,
MKD,Macedonia,,
MDG,Madagascar,65%,Eastern and Southern Africa
MWI,Malawi,,
MYS,Malaysia,32%,East Asia and Pacific
MDV,Maldives,40%,South Asia
MLI,Mali,40%,West and Central Africa
MLT,Malta,,
MHL,Marshall Islands,,
MRT,Mauritania,40%,West and Central Africa
MUS,Mauritius,,
MEX,Mexico,,
FSM,"Micronesia, Federated States of",,
MDA,Moldova,56%,Eastern Europe and Central Asia
MCO,Monaco,,
MNG,Mongolia,32%,East Asia and Pacific
MNE,Montenegro,56%,Eastern Europe and Central Asia
MAR,Morocco,35%,Middle East and North Africa
MOZ,Mozambique,65%,Eastern and Southern Africa
NAM,Namibia,65%,Eastern and Southern Africa
NPL,Nepal,40%,South Asia
NLD,Netherlands,,
NCL,New Caledonia,,
NZL,New Zealand,,
NIC,Nicaragua,52%,Latin America and the Caribbean
NGA,Nigeria,40%,West and Central Africa
NER,Niger,40%,West and Central Africa
NIU,Niue,,
MNP,Northern Mariana Islands,,
NOR,Norway,,
OMN,Oman,35%,Middle East and North Africa
PAK,Pakistan,40%,South Asia
PLW,Palau,,
PAN,Panama,52%,Latin America and the Caribbean
PNG,Papua New Guinea,32%,East Asia and Pacific
PRY,Paraguay,52%,Latin America and the Caribbean
PER,Peru,52%,Latin America and the Caribbean
PHL,Philippines,32%,East Asia and Pacific
POL,Poland,56%,Eastern Europe and Central Asia
PRT,Portugal,,
PRI,Puerto Rico,52%,Latin America and the Caribbean
QAT,Qatar,35%,Middle East and North Africa
ROU,Romania,56%,Eastern Europe and Central Asia
RUS,Russia,56%,Eastern Europe and Central Asia
RWA,Rwanda,65%,Eastern and Southern Africa
KNA,Saint Kitts and Nevis,52%,Latin America and the Caribbean
LCA,Saint Lucia,52%,Latin America and the Caribbean
MAF,Saint Martin,52%,Latin America and the Caribbean
SPM,Saint Pierre and Miquelon,52%,Latin America and the Caribbean
VCT,Saint Vincent and the Grenadines,52%,Latin America and the Caribbean
WSM,Samoa,,
SMR,San Marino,,
STP,Sao Tome and Principe,40%,West and Central Africa
SAU,Saudi Arabia,35%,Middle East and North Africa
SEN,Senegal,40%,West and Central Africa
SRB,Serbia,56%,Eastern Europe and Central Asia
SYC,Seychelles,,
SLE,Sierra Leone,40%,West and Central Africa
SGP,Singapore,32%,East Asia and Pacific
SXM,Sint Maarten,52%,Latin America and the Caribbean
SVK,Slovakia,56%,Eastern Europe and Central Asia
SVN,Slovenia,,
SLB,Solomon Islands,,
SOM,Somalia,65%,Eastern and Southern Africa
ZAF,South Africa,65%,Eastern and Southern Africa
SSD,South Sudan,65%,Eastern and Southern Africa
ESP,Spain,,
LKA,Sri Lanka,40%,South Asia
SDN,Sudan,35%,Middle East and North Africa
SUR,Suriname,52%,Latin America and the Caribbean
SWZ,Swaziland,,
SWE,Sweden,,
CHE,Switzerland,,
SYR,Syria,35%,Middle East and North Africa
TWN,Taiwan,,
TJK,Tajikistan,56%,Eastern Europe and Central Asia
TZA,Tanzania,65%,Eastern and Southern Africa
THA,Thailand,32%,East Asia and Pacific
TLS,Timor-Leste,32%,East Asia and Pacific
TGO,Togo,40%,West and Central Africa
TON,Tonga,,
TTO,Trinidad and Tobago,52%,Latin America and the Caribbean
TUN,Tunisia,35%,Middle East and North Africa
TUR,Turkey,,
TKM,Turkmenistan,56%,Eastern Europe and Central Asia
TUV,Tuvalu,,
UGA,Uganda,65%,Eastern and Southern Africa
UKR,Ukraine,56%,Eastern Europe and Central Asia
ARE,United Arab Emirates,35%,Middle East and North Africa
GBR,United Kingdom,,
USA,United States,,
URY,Uruguay,52%,Latin America and the Caribbean
UZB,Uzbekistan,56%,Eastern Europe and Central Asia
VUT,Vanuatu,,
VEN,Venezuela,52%,Latin America and the Caribbean
VNM,Vietnam,32%,East Asia and Pacific
VGB,Virgin Islands,52%,Latin America and the Caribbean
WBG,West Bank,,
YEM,Yemen,35%,Middle East and North Africa
ZMB,Zambia,65%,Eastern and Southern Africa
ZWE,Zimbabwe,65%,Eastern and Southern Africa